monster_name,monster_type,monster_amount,setting_terrain,setting_country_state,date_aired,danger
Black Knight,Possessed Object,1,Urban,United States,1969-09-13,0
Ghost of Cptn. Cuttler,Ghost,1,Coast,United States,1969-09-20,3
Phantom,Ghost,1,Island,United States,1969-09-27,0
Miner 49'er,Ancient,1,Cave,California,1969-10-04,0
Indian Witch Doctor,Ancient,1,Desert,United States,1969-10-11,1
Ghost of Elias Kingston,Ghost,1,Urban,United States,1969-10-18,0
Ape Man,Animal,1,Desert,United States,1969-10-25,0
Charlie the Robot,Mechanical,1,Urban,United States,1969-11-01,0
Puppet Master,Ghost,1,Urban,United States,1969-11-08,0
Ghost Clown,Ghost,1,Forest,United States,1969-11-15,3
Werewolf,Animal,1,Forest,United States,1969-11-22,1
Dracula,Undead,1,Forest,United States,1969-11-22,1
Frankenstein's Monster,Undead,1,Forest,United States,1969-11-22,1
Mummy of Ankha,Undead,1,Urban,United States,1969-11-29,1
Zombie,Undead,1,Swamp,United States,1969-12-06,1
Witch,Magician,1,Swamp,United States,1969-12-06,1
Ghost of Redbeard,Ghost,1,Ocean,United States,1969-12-13,5
Spooky Space Kook,Extraterrestrial,1,Rural,United States,1969-12-20,0
Green Ghost,Ghost,1,Island,United States,1970-01-10,2
Green Ghost,Ghost,1,Island,United States,1970-01-10,2
Snow Ghost,Ghost,1,Snow,United States,1970-01-17,2
Ghost of Mr. Hyde,Ghost,1,Forest,United States,1970-09-12,1
Ghost of Zen Tuo,Ghost,1,Urban,California,1970-09-19,5
Scare Pair,Ghost,1,Urban,California,1970-09-19,5
Scare Pair,Ghost,1,Urban,California,1970-09-19,5
Caveman,Ancient,1,Urban,United States,1970-09-26,3
Creeper,Ghost,1,Rural,United States,1970-10-03,0
Headless Specter,Ghost,1,Rural,United States,1970-10-10,0
Witch Doctor,Ancient,1,Jungle,Hawaii,1970-10-17,0
Mano Tiki Tia,Possessed Object,1,Jungle,Hawaii,1970-10-17,0
Werewolf,Animal,1,Rural,United States,1970-10-24,3
Wax Phantom,Ghost,1,Urban,United States,1970-10-31,5
Giant Bat,Animal,1,Desert,United States,1972-09-09,3
Geronimo,Ancient,1,Desert,United States,1972-09-09,3
Hooded Man,Disguised,1,Rural,United States,1972-09-16,0
Skeletons,Undead,1,Rural,United States,1972-09-16,0
The Vulture,Animal,1,Forest,United States,1972-09-23,0
Scarecrow,Possessed Object,1,Rural,United States,1972-09-30,0
Ghost of Captain Moody,Ghost,1,Forest,United States,1972-10-07,0
Ghost of Captain Moody,Ghost,1,Forest,United States,1972-10-07,0
The Gargoyle,Possessed Object,1,Forest,United States,1972-10-14,0
Phantoms,Ghost,1,Forest,United States,1972-10-14,0
Phantoms,Ghost,1,Forest,United States,1972-10-14,0
Ghost,Ghost,1,Urban,United States,1972-10-21,2
Sheik,Disguised,1,Urban,United States,1972-10-21,2
Mummy,Undead,1,Urban,United States,1972-10-21,2
Pirate,Disguised,1,Urban,United States,1972-10-21,2
Dragon,Animal,1,Urban,United States,1972-10-21,2
Wolfman,Animal,1,Urban,United States,1972-10-21,2
Grizzly Bear,Animal,1,Urban,United States,1972-10-21,2
Indian,Ancient,1,Urban,United States,1972-10-21,2
Mr. Hyde,Disguised,1,Urban,United States,1972-10-21,2
Shark Men,Animal,1,Island,United States,1972-10-28,0
Shark Men,Animal,1,Island,United States,1972-10-28,0
Skeleton Man,Undead,1,Desert,United States,1972-11-04,2
Lady Ghost,Ghost,1,Desert,United States,1972-11-04,2
3-Eyed Spook,Ghost,1,Desert,United States,1972-11-04,2
Giant,Ghost,1,Desert,United States,1972-11-04,2
Brontosaurus,Ancient,1,Desert,United States,1972-11-04,2
Headless Horsemen of Sleepy Hollow,Ghost,1,Desert,United States,1972-11-04,2
Skeleton Stage Driver,Ghost,1,Desert,United States,1972-11-04,2
The Ghost of Bigfoot,Ghost,1,Snow,Vermont,1972-11-11,0
Ghost of the Red Baron,Ghost,1,Rural,United States,1972-11-18,3
Ghost of Redbeard,Ghost,1,Swamp,United States,1972-11-25,2
Ghost of Redbeard's crew,Ghost,1,Swamp,United States,1972-11-25,2
Ghost of Redbeard's crew,Ghost,1,Swamp,United States,1972-11-25,2
Ghost of Redbeard's crew,Ghost,1,Swamp,United States,1972-11-25,2
Haunted Horseman,Ghost,1,Rural,United States,1972-12-02,0
Moat Monster,Animal,1,Rural,United States,1972-12-02,0
Possessed Viking Mannequin,Possessed Object,1,Urban,Tennessee,1972-12-09,0
Possessed Davy Crockett Mannequin,Possessed Object,1,Urban,Tennessee,1972-12-09,0
Dryad,Mythical,1,Forest,United States,1972-12-16,1
Troll,Mythical,1,Forest,United States,1972-12-16,1
Sea Serpent,Mythical,1,Rural,Massachusetts,1972-12-23,0
Ghost of Paul Revere,Ghost,1,Rural,Massachusetts,1972-12-23,0
Minuteman Ghost,Ghost,1,Rural,Massachusetts,1972-12-23,0
Redcoat Ghost,Ghost,1,Rural,Massachusetts,1972-12-23,0
Hooded Ghosts,Ghost,1,Island,United States,1973-09-08,0
Hooded Ghosts,Ghost,1,Island,United States,1973-09-08,0
Hooded Ghosts,Ghost,1,Island,United States,1973-09-08,0
Ghost of Injun Joe,Ghost,1,Coast,Missouri,1973-09-15,5
Ghost of Captain Scavenger,Ghost,1,Coast,Missouri,1973-09-15,5
Jadal,Mythical,1,Desert,Iran,1973-09-22,3
Spirit of Fireball McPhan,Ghost,1,Urban,United States,1973-09-29,5
Cat Creature,Animal,1,Forest,California,1973-10-06,0
Frankenstein,Undead,1,Forest,California,1973-10-06,0
Creepy Man,Disguised,1,Forest,California,1973-10-06,0
Ghost Bird,Animal,1,Forest,California,1973-10-06,0
Unknown Exterminator,Disguised,1,Forest,California,1973-10-06,0
Ghostly Man,Ghost,1,Forest,California,1973-10-06,0
Invisible Couple,Ghost,1,Forest,California,1973-10-06,0
Sea Monster,Animal,1,Forest,California,1973-10-06,0
Windmakers,Disguised,1,Rural,Mississippi,1973-10-13,5
Windmakers,Disguised,1,Rural,Mississippi,1973-10-13,5
Windmakers,Disguised,1,Rural,Mississippi,1973-10-13,5
Windmakers,Disguised,1,Rural,Mississippi,1973-10-13,5
Green Globs,Possessed Object,1,Urban,United States,1973-10-20,0
Green Globs,Possessed Object,1,Urban,United States,1973-10-20,0
Ghostly Strongman,Ghost,1,Rural,United States,1973-10-27,0
Specter of Ebenezer Crabbe,Ghost,1,Urban,United States,1976-09-11,0
Ghost of Netty Crabbe,Ghost,1,Urban,United States,1976-09-11,0
Mr. Hyde,Disguised,1,Urban,United States,1976-09-11,0
Snitch,Animal,1,Urban,United States,1976-09-11,0
Ghost of King Katazuma,Ghost,1,Rural,Mexico,1976-09-18,5
Aztec Statue Monster,Possessed Object,1,Rural,Mexico,1976-09-18,5
Lowbrow,Super-Villain,1,Urban,United States,1976-09-18,5
Lowbrow's Henchmen,Super-Villain,1,Urban,United States,1976-09-18,5
Lowbrow's Henchmen,Super-Villain,1,Urban,United States,1976-09-18,5
Ghost of Gator Ghoul,Ghost,1,Swamp,Georgia,1976-09-25,0
10000 Volt Ghost,Ghost,1,Snow,United States,1976-10-02,0
Headless Horseman,Ghost,1,Rural,United States,1976-10-09,0
Ghost of Merlin,Ghost,1,Forest,United States,1976-10-16,2
Black Knight,Possessed Object,1,Forest,United States,1976-10-16,2
Ghost of Dr. Coffin,Ghost,1,Forest,Canada,1976-10-23,0
No-Face Zombie,Undead,1,Urban,United States,1976-10-30,0
Gorilla,Animal,1,Urban,United States,1976-10-30,0
Mamba Wamba,Ghost,1,Swamp,United States,1976-11-06,0
Zombie Lila,Undead,1,Swamp,United States,1976-11-06,0
Mamba Zombie,Undead,1,Swamp,United States,1976-11-06,0
Demon,Mythical,1,Urban,Washington,1976-11-13,1
Swamp Rat,Animal,1,Swamp,United States,1976-11-13,5
Tamuka the Ghost Bull,Ghost,1,Rural,Texas,1976-11-20,0
Medicine Man Ghost,Ghost,1,Rural,Texas,1976-11-20,0
Talking Bull,Animal,1,Rural,Texas,1976-11-20,0
Demon Shark,Mythical,1,Urban,United States,1976-11-25,0
Ghost of Captain Pescado,Ghost,1,Ocean,United States,1976-11-27,5
Kelp Monster,Plant,1,Ocean,United States,1976-11-27,5
Octopus Monster,Animal,1,Ocean,United States,1976-11-27,5
Rambling Ghost,Ghost,1,Urban,United States,1976-12-04,3
Strawberry Technicolor Phantom,Ghost,1,Urban,United States,1976-12-11,0
Chocolate Technicolor Phantom,Ghost,1,Urban,United States,1976-12-11,0
Vanilla Technicolor Phantom,Ghost,1,Urban,United States,1976-12-11,0
Ghost of Benedict Arnold,Ghost,1,Urban,Washington D.C.,1976-12-18,0
Ghost of William Demont,Ghost,1,Urban,Washington D.C.,1976-12-18,0
Ghost of Major Andre,Ghost,1,Urban,Washington D.C.,1976-12-18,0
Viking Ghost,Ghost,1,Forest,United States,1977-09-10,3
Viking Ghost,Ghost,1,Forest,United States,1977-09-10,3
Viking Ghost,Ghost,1,Forest,United States,1977-09-10,3
Gramps the Vamp,Undead,1,Island,United States,1977-09-17,0
Pterodactyl Ghost,Ghost,1,Mountain,United States,1977-09-24,0
Phantom of Milo Booth,Ghost,1,Rural,United States,1977-10-01,5
Lochness Monster,Animal,1,Rural,Scotland,1977-10-01,
Phantom Racer,Ghost,1,Desert,United States,1977-10-08,1
Ghost of Witch McCoy,Ghost,1,Forest,United States,1977-10-15,3
Zombie,Undead,1,Forest,United States,1977-10-15,3
Futuristic Monster,Animal,1,Ocean,United States,1977-10-22,2
Creepy Heap from the Deep,Animal,1,Coast,United States,1977-10-29,0
Soulless Captain Clements,Undead,1,Coast,United States,1977-10-29,0
Abominable Snowman,Animal,1,Mountain,Nepal,1977-11-05,
Abominable Snowwoman,Animal,1,Mountain,Nepal,1977-11-05,
Leprechaun,Mythical,1,Rural,Ireland,1977-11-26,
Prehistoric Dinosaur,Animal,1,Island,Hawaii,1977-12-03,
Willawa,Animal,1,Forest,Indian Reserve,1978-09-09,0
Owl Men,Animal,1,Forest,Indian Reserve,1978-09-09,0
Owl Men,Animal,1,Forest,Indian Reserve,1978-09-09,0
Ghost of Blue Beard,Ghost,1,Island,Caribbean,1978-09-09,
Skeleton Men,Undead,1,Island,Bermuda Triangle,1978-09-16,3
Skeleton Men,Undead,1,Island,Bermuda Triangle,1978-09-16,3
Skeleton Men,Undead,1,Island,Bermuda Triangle,1978-09-16,3
Snow Beast,Animal,1,Snow,Canada,1978-09-23,0
Annabelle,Mythical,1,Jungle,Brazil,1978-09-23,
Frankenstein's Monster,Undead,1,Rural,Romania,1978-09-23,
Vampires,Undead,1,Rural,Romania,1978-09-23,
Living Trees,Plant,1,Rural,Romania,1978-09-23,
Monster of the Black Lagoon,Animal,1,Rural,Romania,1978-09-23,
Ghost Witch of Old Salem,Ghost,1,Rural,Massachusetts,1978-09-30,0
Tar Monster,Possessed Object,1,Cave,Turkey,1978-10-07,0
Giant Squid,Animal,1,Ocean,Atlantis,1978-10-07,
Ghost of Finnyan McDuff,Ghost,1,Rural,Scotland,1978-10-14,2
Loch Ness Monster,Mythical,1,Rural,Scotland,1978-10-14,2
Old Iron Face,Disguised,1,Island,United States,1978-10-21,0
Jaguaro,Animal,1,Jungle,Brazil,1978-10-28,2
Cat Creature,Animal,1,Urban,New York,1978-11-04,1
Mantis,Animal,1,Rural,United States,1978-11-11,1
Phantom,Ghost,1,Urban,United States,1978-11-18,0
Moon Monster,Ghost,1,Urban,China,1978-11-25,0
Ghostly Gondolier,Ghost,1,Urban,Italy,1978-12-02,1
Ghost of Juan Carlos,Ghost,1,Island,Puerto Rico,1978-12-09,3
Anthos,Ancient,1,Forest,England,1978-12-16,0
Devil Hound,Animal,1,Forest,England,1978-12-16,0
Beast of Bottomless Lake,Animal,1,Forest,Canada,1978-12-23,0
Blue Scarab,Disguised,1,Urban,United States,1979-09-22,0
Night Ghoul,Undead,1,Urban,United States,1979-09-29,0
Alien,Extraterrestrial,1,Forest,United States,1979-10-06,0
Neon Phantom,Ghost,1,Urban,California,1979-10-13,0
Snake Demon,Animal,1,Coast,Florida,1979-10-20,0
Clown,Disguised,1,Coast,Florida,1979-10-20,0
Sky Skeleton,Undead,1,Rural,United States,1979-10-27,0
Dragon Beast,Mythical,1,Urban,Japan,1979-11-03,0
Devil Bear,Animal,1,Desert,Arizona,1979-11-10,0
Sea Beast of the Aztecs,Animal,1,Coast,Mexico,1979-11-17,0
Lady Vampire of the Bat,Undead,1,Urban,California,1979-11-24,0
Star Creature,Extraterrestrial,1,Rural,United States,1979-12-01,0
Shadow Creature,Animal,1,Urban,United States,1979-12-08,0
Ghost of Jeremiah Pratt,Ghost,1,Snow,United States,1979-12-15,0
Ghost of the Great Haldane,Ghost,1,Urban,New Jersey,1979-12-22,0
Minotaur,Mythical,1,Rural,Greece,1979-12-29,0
Aliens,Extraterrestrial,1,Space,Space,1980-11-08,
Aliens,Extraterrestrial,1,Space,Space,1980-11-08,
Sylvester,Undead,1,Rural,United States,1980-11-08,
Chinese Food Factory Burglar,Disguised,1,Urban,California,1980-11-08,
Arabian Magician,Magician,1,Desert,Saudi Arabia,1980-11-15,
Cat Man,Animal,1,Mountain,South America,1980-11-15,
Mummy,Undead,1,Desert,Egypt,1980-11-22,
Caveman,Ancient,1,Island,United States,1980-11-29,
Pirate,Ancient,1,Ocean,United States,1980-11-29,
Swamp Witch,Magician,1,Swamp,United States,1980-12-13,
Knight,Ancient,1,Rural,Scotland,1980-12-13,
Wax Master,Possessed Object,1,Urban,England,1980-12-20,
Evil Trees,Plant,1,Rural,United States,1980-12-20,
Caterpillar,Animal,1,Rural,United States,1980-12-20,
Cheshire Cat,Animal,1,Rural,United States,1980-12-20,
Queen of Hearts,Magician,1,Rural,United States,1980-12-20,
Lava Monster,Possessed Object,1,Jungle,Hawaii,1980-12-27,
Alaskan Monster,Animal,1,Snow,Alaska,1980-12-27,
Rocky Maximus,Ancient,1,Urban,Italy,1981-01-03,
Swamp Monster,Animal,1,Swamp,United States,1981-01-03,
Shaggy,Animal,1,Rural,Austria,1981-01-10,
Rock Monsters,Possessed Object,1,Cave,United States,1981-01-17,
Rock Monsters,Possessed Object,1,Cave,United States,1981-01-17,
Wicked Witch of the North by Southeast,Magician,1,Rural,United States,1981-01-17,
Phantom of the Sewers,Disguised,1,Urban,France,1981-01-24,
Rawhide Red,Mechanical,1,Rural,United States,1981-01-24,
Enemy Spy,Disguised,1,Urban,California,1981-01-24,
Alien,Extraterrestrial,1,Urban,United States,1981-01-31,
Pleasure Island Man,Magician,1,Urban,United States,1981-09-19,
Pirate,Ghost,1,Island,United States,1981-09-19,
Sheet Ghost,Ghost,1,Forest,United States,1981-09-19,
Centaur,Animal,1,Ocean,Atlantis,1981-09-26,
Merlin,Magician,1,Rural,England,1981-09-26,
Jasper,Animal,1,Rural,England,1981-09-26,
Alien,Extraterrestrial,1,Space,Space,1981-09-26,
Dragon,Mythical,1,Cave,China,1981-10-03,
Pat O'Wiley,Mythical,1,Forest,Ireland,1981-10-03,
Madame Olga,Magician,1,Urban,United States,1981-10-10,
Red Baron,Ancient,1,Urban,United States,1981-10-10,
T-Rex,Animal,1,Urban,United States,1981-10-10,
Toy Gorilla,Mechanical,1,Urban,England,1981-10-17,
Plutonian,Extraterrestrial,1,Urban,United States,1981-10-17,
Dr. Wolf,Animal,1,Urban,United States,1981-10-17,
Vampire Foreman,Undead,1,Urban,United States,1981-10-24,
Carnivorous Plants,Plant,1,Urban,United States,1981-10-24,
Bigfoot,Animal,1,Forest,United States,1981-10-31,
Giant,Mythical,1,Rural,United States,1981-10-31,
Catfish Burglar,Disguised,1,Ocean,United States,1982-10-02,
Gargoyle,Possessed Object,1,Urban,California,1982-10-02,
Medusa,Mythical,1,Urban,California,1982-10-02,
Sea Creature,Animal,1,Urban,California,1982-10-02,
Octopus Monster,Animal,1,Urban,California,1982-10-02,
Bigfoot,Animal,1,Urban,California,1982-10-02,
Slime Boy,Disguised,1,Urban,United States,1982-11-06,
Jasmine,Mythical,1,Urban,United States,1982-11-20,
Alien Scavenger Hunter,Extraterrestrial,1,Urban,United States,1982-11-27,
Alien Scavenger Hunter,Extraterrestrial,1,Urban,United States,1982-11-27,
Alien Scavenger Hunter,Extraterrestrial,1,Urban,United States,1982-11-27,
Dognapper,Disguised,1,Urban,United States,1982-11-27,
Cat Lady,Animal,1,Urban,United States,1982-12-04,
Wonga,Ancient,1,Forest,Pre-Historic,1982-12-11,
Scooby-Doo,Animal,1,Urban,United States,1982-12-11,
Abominable Snowman,Animal,1,Snow,United States,1982-12-19,
Olaf the Terrible,Ancient,1,Coast,Norway,1983-09-10,
Great White Shark,Animal,1,Island,South America,1983-09-10,
Seaweed Monster,Plant,1,Island,South America,1983-09-10,
Face in the Fireplace,Ghost,1,Rural,United States,1983-09-10,
Ghosts Under the Bed,Ghost,1,Rural,United States,1983-09-10,
Living Animal Heads,Undead,1,Rural,United States,1983-09-10,
Skeleton,Undead,1,Rural,United States,1983-09-10,
Living Statue,Possessed Object,1,Rural,United States,1983-09-10,
Organ Playing Ghost,Ghost,1,Rural,United States,1983-09-10,
Mud Monster,Possessed Object,1,Desert,United States,1983-09-10,
Hound of the Barkervilles,Animal,1,Rural,Scotland,1983-09-17,
Dinosaur,Animal,1,Jungle,Mexico,1983-09-17,
Creature from Chem Lab,Possessed Object,1,Urban,United States,1983-09-17,
Masked Manx,Animal,1,Forest,United States,1983-09-17,
Randar the Ape Man,Animal,1,Jungle,Africa,1983-09-24,
Mobotsu,Animal,1,Jungle,Africa,1983-09-24,
Maid Zombie,Undead,1,Island,South America,1983-09-24,
Barney Zombie,Undead,1,Island,South America,1983-09-24,
Tourist Zombie,Undead,1,Island,South America,1983-09-24,
Amy Zombie,Undead,1,Island,South America,1983-09-24,
Neanderthal Monster of Devil's Rock,Animal,1,Rural,Australia,1983-10-01,
Tower Wizard,Magician,1,Rural,United States,1983-10-08,
Yadzruck,Animal,1,Rural,United States,1983-10-08,
Phantom of the Soaps,Ghost,1,Urban,United States,1983-10-08,
Clown,Disguised,1,Rural,United States,1983-10-15,
Minotaur,Mythical,1,Rural,Greece,1983-10-29,
Ghost of Casey O'Reilly,Ghost,1,Urban,United States,1983-10-29,
Gremlin,Mythical,1,Rural,California,1983-11-05,
Specter of the Sports Cars,Ghost,1,Urban,United States,1983-11-05,
Frankenstein's Monster,Undead,1,Forest,Romania,1983-11-26,
Dracula,Undead,1,Forest,Romania,1983-11-26,
Dracula's Wife,Undead,1,Forest,Romania,1983-11-26,
Dracula Jr.,Animal,1,Forest,Romania,1983-11-26,
Ghost of Chef Maras,Ghost,1,Urban,France,1983-11-26,
Mummy,Undead,1,Rural,Austria,1983-12-03,
Ghost of McBaggy Rodgers,Ghost,1,Rural,Massachusetts,1983-12-10,
Red Skull,Disguised,1,Urban,United States,1984-09-08,0
Maid Mummy,Undead,1,Urban,United States,1984-09-15,
Helping Hands,Possessed Object,1,Forest,United States,1984-09-15,
Sea Demon,Animal,1,Coast,Denmark,1984-09-22,
Sea Demon,Animal,1,Coast,Denmark,1984-09-22,
Cyclops,Mythical,1,Island,Greece,1984-09-22,
Master Mind,Super-Villain,1,Urban,New York,1984-09-29,
Giant Bees,Animal,1,Rural,United States,1984-09-29,
Ghost of Ebenezer Overview,Ghost,1,Snow,United States,1984-10-06,
Zombies,Undead,1,Island,South America,1984-10-13,5
Zombies,Undead,1,Island,South America,1984-10-13,5
Zombies,Undead,1,Island,South America,1984-10-13,5
Zombies,Undead,1,Island,South America,1984-10-13,5
Evil Elf,Mythical,1,Forest,United States,1984-10-20,
Mad Sea Lion,Animal,1,Snow,Antarctica,1984-10-20,
Ghost of Dr. Van Helsing,Ghost,1,Desert,United States,1984-10-27,3
Ghost of Abraham Lincoln,Ghost,1,Urban,Washington D.C.,1984-11-03,
Ghost of George Washington,Ghost,1,Urban,Washington D.C.,1984-11-03,
Ghost of Ulysses S. Grant,Ghost,1,Urban,Washington D.C.,1984-11-03,
Ghost of Theodore Roosevelt,Ghost,1,Urban,Washington D.C.,1984-11-03,
Ghost of Colonel Beauregard,Ghost,1,Swamp,United States,1984-11-10,
Ghost of Sherlock Holmes,Ghost,1,Urban,England,1984-11-17,
Monster Mutt,Animal,1,Urban,California,1984-11-24,
Monster Mouse,Animal,1,Rural,United States,1984-11-24,
Ghost of Christmas Never,Ghost,1,Snow,United States,1984-12-01,
Bogle,Ghost,1,Snow,Tibet,1985-09-07,
Weerd,Ghost,1,Snow,Tibet,1985-09-07,
Ghoulio,Undead,1,Snow,Tibet,1985-09-07,
Werewolfs,Animal,1,Snow,Tibet,1985-09-07,
Werewolf Daphnie,Animal,1,Snow,Tibet,1985-09-07,
Maldore the Malevolent,Mythical,1,Forest,United States,1985-09-14,
Evil Tree,Plant,1,Forest,United States,1985-09-14,
Evil Tree,Plant,1,Forest,United States,1985-09-14,
Dragon,Mythical,1,Forest,United States,1985-09-14,
Rat Gaurds,Animal,1,Forest,United States,1985-09-14,
Rat Gaurds,Animal,1,Forest,United States,1985-09-14,
Shadow Demon,Mythical,1,Rural,United States,1985-09-21,
Griswald,Animal,1,Rural,United States,1985-09-21,
Bogle,Ghost,1,Desert,Morocco,1985-09-28,
Weerd,Ghost,1,Desert,Morocco,1985-09-28,
Reflector Specter,Mythical,1,Desert,Morocco,1985-09-28,
Zomba,Mythical,1,Urban,United States,1985-10-05,
Dr. Frankscoob's Monster,Undead,1,Urban,United States,1985-10-05,
Bogel,Ghost,1,Ocean,Bermuda Triangle,1985-10-12,
Weerd,Ghost,1,Ocean,Bermuda Triangle,1985-10-12,
Captain Ghost,Ghost,1,Ocean,Bermuda Triangle,1985-10-12,
Ghosts on the Ship,Ghost,1,Ocean,Bermuda Triangle,1985-10-12,
Bogel,Ghost,1,Urban,Louisiana,1985-10-19,
Weerd,Ghost,1,Urban,Louisiana,1985-10-19,
Nekara,Magician,1,Urban,Louisiana,1985-10-19,
Marcella,Magician,1,Forest,United States,1985-10-26,
Helda Brewski,Magician,1,Forest,United States,1985-10-26,
Ernestine Brewski,Magician,1,Forest,United States,1985-10-26,
Wanda Brewski,Magician,1,Forest,United States,1985-10-26,
Time Slime,Magician,1,Urban,United States,1985-11-02,
Bogel,Ghost,1,Urban,United States,1985-11-02,
Weerd,Ghost,1,Urban,United States,1985-11-02,
Demondo,Mythical,1,Urban,United States,1985-11-09,
Bogel,Ghost,1,Urban,United States,1985-11-09,
Weerd,Ghost,1,Urban,United States,1985-11-09,
Rankor,Undead,1,Rural,United States,1985-11-16,
Bogel,Ghost,1,Rural,United States,1985-11-16,
Weerd,Ghost,1,Rural,United States,1985-11-16,
Head of S.A.P.S.,Ghost,1,Rural,United States,1985-11-16,
Living Plants,Plant,1,Rural,United States,1985-11-16,
Porff. Phantazmo,Magician,1,Rural,United States,1985-11-23,
Bogel,Ghost,1,Rural,United States,1985-11-23,
Weerd,Ghost,1,Rural,United States,1985-11-23,
Zimbulu,Mythical,1,Urban,United States,1985-12-07,
Bogel,Ghost,1,Urban,United States,1985-12-07,
Weerd,Ghost,1,Urban,United States,1985-12-07,
Boris Kreepoff,Undead,1,Urban,United States,1985-12-07,
Zombies,Undead,1,Urban,United States,1985-12-07,
Zombies,Undead,1,Urban,United States,1985-12-07,
Zombies,Undead,1,Urban,United States,1985-12-07,
Headless Horseman,Undead,1,Swamp,United States,1987-10-18,
Beauregard's Ghost,Ghost,1,Swamp,United States,1987-10-18,
Skull Ghost,Undead,1,Swamp,United States,1987-10-18,
Floating Skeleton,Undead,1,Swamp,United States,1987-10-18,
Ghost,Ghost,1,Urban,United States,1988-09-10,0
Sludge Monster from the Earth's Croe,Possessed Object,1,Urban,United States,1988-09-17,0
Dr. Croaker,Animal,1,Urban,United States,1988-09-24,0
Cheese Monster,Possessed Object,1,Urban,United States,1988-10-01,4
Ghost of Al Cabone,Ghost,1,Urban,United States,1988-10-08,0
Boogedy Bones,Undead,1,Urban,United States,1988-10-15,0
Revolta,Magician,1,Swamp,United States,1988-10-16,
Grim Creeper,Plant,1,Swamp,United States,1988-10-16,
Mirror Monster,Magician,1,Swamp,United States,1988-10-16,
Well-Dweller,Animal,1,Swamp,United States,1988-10-16,
Ice Demon,Possessed Object,1,Mountain,United States,1988-10-22,5
Samurai Ghost,Ghost,1,Urban,United States,1988-10-29,0
Headless Skateboarder,Undead,1,Coast,United States,1988-11-05,0
Boobeard,Ghost,1,Urban,United States,1988-11-12,0
Totem Spirit,Possessed Object,1,Forest,United States,1988-11-19,3
Ghost of Chef Pierre Goulash,Ghost,1,Urban,United States,1988-11-26,0
Stinkweed,Plant,1,Urban,United States,1988-12-03,0
Ghost of Buster McMutt Mauler,Ghost,1,Urban,United States,1989-09-09,0
Alien,Extraterrestrial,1,Urban,United States,1989-09-16,0
Ghost of Purvis Parker,Undead,1,Urban,United States,1989-09-23,0
Chickenstein,Undead,1,Urban,United States,1989-09-30,0
Burger Monster,Possessed Object,1,Urban,United States,1989-10-07,0
Dinkley 2000,Mechanical,1,Urban,United States,1989-10-14,4
Ghost of Zombo,Ghost,1,Urban,United States,1989-10-28,0
Boogey Biker,Undead,1,Urban,United States,1990-09-08,0
Astronaut Ghost,Ghost,1,Urban,United States,1990-09-08,0
Bigwig,Possessed Object,1,Urban,United States,1990-10-06,0
Ghost of the Hooded Heifer,Ghost,1,Urban,United States,1990-11-03,0
Nasty-Doo,Animal,1,Urban,United States,1991-08-03,0
Ghost of Mrs. Shusham,Ghost,1,Urban,United States,1991-08-10,0
Moving Mollusk,Animal,1,Urban,New York,1991-08-17,0
Ghostly Gardener,Undead,1,Rural,United States,1997-07-25,0
Ghost of Morgan Moonscar,Ghost,1,Swamp,Louisiana,1998-09-22,3
Pirate Zombies,Undead,1,Swamp,Louisiana,1998-09-22,3
Confederate Zombies,Undead,1,Swamp,Louisiana,1998-09-22,3
Tourist Zombies,Undead,1,Swamp,Louisiana,1998-09-22,3
Simone Lenoir,Animal,1,Swamp,Louisiana,1998-09-22,3
Lena Dupree,Animal,1,Swamp,Louisiana,1998-09-22,3
Jacques,Animal,1,Swamp,Louisiana,1998-09-22,3
Ben Ravencroft,Magician,1,Rural,Massachusetts,1999-10-05,3
Sarah Ravencroft,Ghost,1,Rural,Massachusetts,1999-10-05,3
Evil Trees,Plant,1,Rural,Massachusetts,1999-10-05,3
Pumpkin Monsters,Plant,1,Rural,Massachusetts,1999-10-05,3
Enormous Turkey,Animal,1,Rural,Massachusetts,1999-10-05,3
Casper County Monster,Animal,1,Forest,United States,1999-10-31,0
Casper County Monster,Animal,1,Forest,United States,1999-10-31,0
Aliens,Extraterrestrial,1,Desert,New Mexico,2000-10-03,5
Aliens,Extraterrestrial,1,Desert,New Mexico,2000-10-03,5
Aliens,Extraterrestrial,1,Desert,New Mexico,2000-10-03,5
Phantom Virus,Possessed Object,1,Urban,United States,2001-10-09,5
Zombie,Undead,1,Rural,United States,2001-10-31,0
Mummy,Undead,1,Rural,United States,2001-10-31,0
Zombie Gary Coleman,Undead,1,Rural,United States,2001-10-31,0
Demons,Mythical,1,Island,United States,2002-06-14,4
Demons,Mythical,1,Island,United States,2002-06-14,4
Demons,Mythical,1,Island,United States,2002-06-14,4
Demons,Mythical,1,Island,United States,2002-06-14,4
Possessed College Kids,Possessed Object,1,Island,United States,2002-06-14,4
Possessed Fred,Possessed Object,1,Island,United States,2002-06-14,4
Possessed Marry Jane,Possessed Object,1,Island,United States,2002-06-14,4
Possessed Daphine,Possessed Object,1,Island,United States,2002-06-14,4
Possessed Velma,Possessed Object,1,Island,United States,2002-06-14,4
Scrappy-Rex,Animal,1,Island,United States,2002-06-14,4
Green Monster,Plant,1,Urban,United States,2002-07-07,2
Snow Creature,Animal,1,Snow,United States,2002-09-14,0
Dinosaur Spirit,Animal,1,Jungle,Costa Rica,2002-09-21,0
The Alien,Extraterrestrial,1,Urban,United States,2002-09-28,0
Ghost of the Leland Brothers,Ghost,1,Urban,Louisiana,2002-10-05,1
Ghost of the Leland Brothers,Ghost,1,Urban,Louisiana,2002-10-05,1
The Mystery Machine,Possessed Object,1,Urban,United States,2002-10-26,1
Ghost of Rufus Raucaus,Ghost,1,Urban,Nevada,2002-11-02,0
Roller Ghoster,Animal,1,Urban,United States,2002-11-09,0
Jungle Demons,Animal,1,Jungle,Malawi,2002-11-23,0
Motoshondu,Animal,1,Island,United States,2002-11-30,0
Headless Snowman,Possessed Object,1,Snow,United States,2002-12-13,0
Spaceman Swintons,Mechanical,1,Urban,United States,2003-02-01,0
Annabel Action Figure,Mechanical,1,Urban,United States,2003-02-01,0
Other Toys,Mechanical,1,Urban,United States,2003-02-01,0
Faceless Phantom,Ghost,1,Urban,California,2003-02-15,0
Undead,Ancient,1,Rural,Italy,2003-02-22,0
Yowie Yahoo,Undead,1,Desert,Australia,2003-03-04,0
Dark Skull,Undead,1,Desert,Australia,2003-03-04,0
Stormy Weathers,Undead,1,Desert,Australia,2003-03-04,0
Lightning Strikes,Undead,1,Desert,Australia,2003-03-04,0
Baseball Specter,Ghost,1,Urban,United States,2003-03-22,2
Ancient One,Magician,1,Urban,Japan,2003-09-13,1
30 Foot Shaggy,Animal,1,Urban,Japan,2003-09-13,1
Mummy of Pharaoh Scamses,Undead,1,Desert,Egypt,2003-09-20,3
Zombies,Undead,1,Desert,Egypt,2003-09-20,3
Zombies,Undead,1,Desert,Egypt,2003-09-20,3
Zombies,Undead,1,Desert,Egypt,2003-09-20,3
Zombies,Undead,1,Desert,Egypt,2003-09-20,3
Zombie Fred,Undead,1,Desert,Egypt,2003-09-20,3
Zombie Daphnie,Undead,1,Desert,Egypt,2003-09-20,3
Zombie Velma,Undead,1,Desert,Egypt,2003-09-20,3
Gusano Grande,Animal,1,Desert,Mexico,2003-09-27,5
Chupacabra,Animal,1,Rural,Mexico,2003-09-30,1
Paco,Animal,1,Rural,Mexico,2003-09-30,1
Quetzalcoatl,Mythical,1,Rural,Mexico,2003-09-30,1
Jaguar Statues,Possessed Object,1,Rural,Mexico,2003-09-30,1
Aztec Giant Statue,Possessed Object,1,Rural,Mexico,2003-09-30,1
Ghost of Señor Otero,Ghost,1,Rural,Mexico,2003-09-30,1
Skeleton Man,Undead,1,Rural,Mexico,2003-09-30,1
Jeevens,Mechanical,1,Rural,United States,2003-10-04,1
Shari,Mechanical,1,Rural,United States,2003-10-04,1
Baron Fortescu,Undead,1,Rural,Romania,2003-10-18,1
Scarecrows,Possessed Object,1,Rural,United States,2003-10-25,0
Ghost of Hank Banning,Ghost,1,Rural,United States,2003-10-25,0
Cat Creature,Animal,1,Urban,United States,2003-10-25,1
San Franpsycho,Ancient,1,Urban,California,2004-03-20,0
Invisible Man,Disguised,1,Snow,Canada,2004-03-22,0
Scooby Snack Monster,Possessed Object,1,Urban,Ohio,2004-03-23,0
Scooby Snack Monster,Possessed Object,1,Urban,Ohio,2004-03-23,0
Glasburgh Dragon,Mythical,1,Rural,Scotland,2004-03-24,1
Fish Creature,Animal,1,Snow,Antarctica,2004-03-25,1
Wakumi,Animal,1,Desert,New Mexico,2004-03-26,1
Shaman,Ancient,1,Desert,New Mexico,2004-03-26,1
Masked Figure,Disguised,1,Urban,United States,2004-03-26,5
Pterodactyl Ghost,Animal,1,Urban,United States,2004-03-26,5
Black Knight Ghost,Possessed Object,1,Urban,United States,2004-03-26,5
Cotton Candy Glob,Possessed Object,1,Urban,United States,2004-03-26,5
Tar Monster,Possessed Object,1,Urban,United States,2004-03-26,5
Minder 49er,Ancient,1,Urban,United States,2004-03-26,5
Captain Cutler's Ghost,Possessed Object,1,Urban,United States,2004-03-26,5
Zombie,Undead,1,Urban,United States,2004-03-26,5
10000 Volt Ghost,Ghost,1,Urban,United States,2004-03-26,5
Skeleton Men,Undead,1,Urban,United States,2004-03-26,5
Skeleton Men,Undead,1,Urban,United States,2004-03-26,5
Centaur,Mythical,1,Rural,Greece,2004-03-27,0
Loch Ness Monster,Mythical,1,Rural,Scotland,2004-06-24,0
Loch Ness Monster,Mythical,1,Rural,Scotland,2004-06-24,0
Creepy Keeper,Undead,1,Rural,Wisconsin,2005-01-29,1
Skeleton Crew,Undead,1,Rural,Wisconsin,2005-01-29,1
Sheriff,Mechanical,1,Desert,Arizona,2005-02-05,5
Cold Steel,Mechanical,1,Desert,Arizona,2005-02-05,5
Other Robot Cowboys,Mechanical,1,Desert,Arizona,2005-02-05,5
Wiki-Tiki,Ancient,1,Island,Hawaii,2005-02-08,0
Tiny Tikis,Ancient,1,Island,Hawaii,2005-02-08,0
Clone Fred,Mechanical,1,Urban,United States,2005-02-11,5
Clone Daphnie,Mechanical,1,Urban,United States,2005-02-11,5
Clone Velma,Mechanical,1,Urban,United States,2005-02-11,5
Clone Shaggy,Mechanical,1,Urban,United States,2005-02-11,5
Clone Scooby,Mechanical,1,Urban,United States,2005-02-11,5
Titanic Twist,Undead,1,Desert,United States,2005-02-12,1
Gargoyle,Possessed Object,1,Urban,France,2005-02-19,1
Demon Farmer,Undead,1,Rural,United States,2005-02-25,0
Frozen Fiend,Undead,1,Urban,Russia,2005-03-03,0
Menacing Metallic Clown,Mechanical,1,Rural,United States,2005-03-12,0
Toxic Terror,Possessed Object,1,Forest,United States,2005-03-19,
Dragon,Mythical,1,Urban,Hong Kong,2005-03-26,5
Skeleton Driver,Undead,1,Urban,United States,2005-04-02,0
Gold Monster,Possessed Object,1,Rural,Kentukey,2005-04-09,0
Coral Creature,Plant,1,Coast,Australia,2005-04-19,2
Sand Monsters,Possessed Object,1,Coast,Australia,2005-04-19,2
Ghost of Cleopatra,Undead,1,Desert,Egypt,2005-11-24,1
Army of the Undead,Undead,1,Desert,Egypt,2005-11-24,1
Spirit of the Sand,Animal,1,Desert,Egypt,2005-11-24,1
Osomons,Animal,1,Urban,California,2006-07-21,0
Cptn. Skunk Beard,Undead,1,Ocean,Bermuda Triangle,2006-09-19,5
Wooden Wally,Undead,1,Ocean,Bermuda Triangle,2006-09-19,5
Sea Salt Sally,Undead,1,Ocean,Bermuda Triangle,2006-09-19,5
Cptn. Skunk Beard's Crew,Undead,1,Ocean,Bermuda Triangle,2006-09-19,5
Dr. Phineus Phibes,Super-Villain,1,Urban,United States,2006-09-23,2
Agent 1,Disguised,1,Urban,United States,2006-09-23,2
Agent 2,Disguised,1,Urban,United States,2006-09-23,2
Agent 3,Disguised,1,Urban,United States,2006-09-23,2
Agent 4,Disguised,1,Urban,United States,2006-09-23,2
Agent 5,Disguised,1,Urban,United States,2006-09-23,2
Agent 6,Disguised,1,Urban,United States,2006-09-23,2
Agent 7,Disguised,1,Urban,United States,2006-09-23,2
Agent,Disguised,1,Urban,United States,2006-09-23,2
8,Disguised,1,Urban,United States,2006-09-23,2
Agent,Disguised,1,Urban,United States,2006-09-23,2
9,Disguised,1,Urban,United States,2006-09-23,2
Agent 10,Disguised,1,Urban,United States,2006-09-23,2
Agent 11,Disguised,1,Urban,United States,2006-09-23,2
Agent 12,Super-Villain,1,Urban,United States,2006-09-23,2
Dr. Phineus Phibes,Super-Villain,1,Snow,Switzerland,2006-09-30,
Agent 3,Disguised,1,Snow,Switzerland,2006-09-30,
Agent 4,Disguised,1,Snow,Switzerland,2006-09-30,
Agent 5,Disguised,1,Snow,Switzerland,2006-09-30,
Agent 6,Disguised,1,Snow,Switzerland,2006-09-30,
Agent 7,Disguised,1,Snow,Switzerland,2006-09-30,
Agent,Disguised,1,Snow,Switzerland,2006-09-30,
9,Disguised,1,Snow,Switzerland,2006-09-30,
Agent 10,Disguised,1,Snow,Switzerland,2006-09-30,
Agent 11,Disguised,1,Snow,Switzerland,2006-09-30,
Agent 12,Disguised,1,Snow,Switzerland,2006-09-30,
Agent 13,Super-Villain,1,Snow,Switzerland,2006-09-30,
Dr. Trebla,Super-Villain,1,Snow,Switzerland,2006-09-30,
Dr. Phineus Phibes,Super-Villain,1,Urban,United States,2006-10-07,
Agent 1,Disguised,1,Urban,United States,2006-10-07,
Agent 2,Disguised,1,Urban,United States,2006-10-07,
Agent 3,Disguised,1,Urban,United States,2006-10-07,
Agent 8,Disguised,1,Urban,United States,2006-10-07,
Agent 11,Disguised,1,Urban,United States,2006-10-07,
Dr. Trebla,Super-Villain,1,Urban,United States,2006-10-07,
Dr. Phineus Phibes,Super-Villain,1,Urban,United States,2006-11-04,
A.R.T.,Mechanical,1,Urban,United States,2006-11-04,
Agent 2,Disguised,1,Urban,United States,2006-11-04,
Dr. Trebla,Super-Villain,1,Urban,United States,2006-11-04,
Dr. Phineus Phibes,Super-Villain,1,Urban,United States,2006-11-11,
Dr. Trebla,Super-Villain,1,Urban,United States,2006-11-11,
Kevin,Mechanical,1,Urban,United States,2006-11-11,
Mark,Super-Villain,1,Urban,United States,2006-11-11,
Ricky,Super-Villain,1,Urban,United States,2006-11-11,
Agent 1,Disguised,1,Urban,United States,2006-11-11,
Agent 2,Disguised,1,Urban,United States,2006-11-11,
Dr. Phineus Phibes,Super-Villain,1,Space,Space,2006-11-18,
Agent 1,Disguised,1,Space,Space,2006-11-18,
Agent 2,Disguised,1,Space,Space,2006-11-18,
Agent 3,Disguised,1,Space,Space,2006-11-18,
Agent 4,Disguised,1,Space,Space,2006-11-18,
Agent 7,Disguised,1,Space,Space,2006-11-18,
Agent 10,Disguised,1,Space,Space,2006-11-18,
Agent 11,Disguised,1,Space,Space,2006-11-18,
Agent 12,Disguised,1,Space,Space,2006-11-18,
Agent 13,Disguised,1,Space,Space,2006-11-18,
Dr. Trebla,Super-Villain,1,Space,Space,2006-11-18,
Dr. Phineus Phibes,Super-Villain,1,Jungle,South America,2007-02-02,
Bruce,Super-Villain,1,Jungle,South America,2007-02-02,
Brucey,Super-Villain,1,Jungle,South America,2007-02-02,
Agent 13,Disguised,1,Jungle,South America,2007-02-02,
Mark,Super-Villain,1,Jungle,South America,2007-02-02,
Ricky,Super-Villain,1,Jungle,South America,2007-02-02,
Dr. Trebla,Super-Villain,1,Jungle,South America,2007-02-02,
Dr. Phineus Phibes,Super-Villain,1,Forest,United States,2007-02-10,
Agent 4,Disguised,1,Forest,United States,2007-02-10,
Agent 13,Disguised,1,Forest,United States,2007-02-10,
Dr. Phineus Phibes,Super-Villain,1,Urban,New York,2007-02-17,
Dr. Trebla,Super-Villain,1,Urban,New York,2007-02-17,
Chef Suki Sukihari,Super-Villain,1,Urban,New York,2007-02-17,
Agent 2,Disguised,1,Urban,New York,2007-02-17,
Agent 5,Disguised,1,Urban,New York,2007-02-17,
Agent 8,Disguised,1,Urban,New York,2007-02-17,
Dr. Phineus Phibes,Super-Villain,1,Rural,United States,2007-02-24,0
Dr. Trebla,Super-Villain,1,Rural,United States,2007-02-24,0
Agent 1,Disguised,1,Rural,United States,2007-02-24,0
Agent 2,Disguised,1,Rural,United States,2007-02-24,0
Mark,Super-Villain,1,Rural,United States,2007-02-24,0
Ricky,Super-Villain,1,Rural,United States,2007-02-24,0
Dr. Phineus Phibes,Super-Villain,1,Rural,United States,2007-03-03,
Dr. Trebla,Super-Villain,1,Rural,United States,2007-03-03,
Dr. Speed,Super-Villain,1,Rural,United States,2007-03-03,
Agent 1,Disguised,1,Rural,United States,2007-03-03,
Agent 2,Disguised,1,Rural,United States,2007-03-03,
Agent 5,Disguised,1,Rural,United States,2007-03-03,
Agent 6,Disguised,1,Rural,United States,2007-03-03,
Agent 8,Disguised,1,Rural,United States,2007-03-03,
Agent 11,Disguised,1,Rural,United States,2007-03-03,
Agent 12,Disguised,1,Rural,United States,2007-03-03,
Agent 13,Disguised,1,Rural,United States,2007-03-03,
Dr. Phineus Phibes,Super-Villain,1,Desert,United States,2007-04-28,
Dr. Trebla,Super-Villain,1,Desert,United States,2007-04-28,
Agent 1,Disguised,1,Desert,United States,2007-04-28,
Agent 2,Disguised,1,Desert,United States,2007-04-28,
Mark,Super-Villain,1,Desert,United States,2007-04-28,
Ricky,Super-Villain,1,Desert,United States,2007-04-28,
Agent,Disguised,1,Desert,United States,2007-04-28,
4,Disguised,1,Desert,United States,2007-04-28,
Agent 7,Disguised,1,Desert,United States,2007-04-28,
Dr. Phineus Phibes,Super-Villain,1,Urban,United States,2007-05-05,
Menace,Super-Villain,1,Urban,United States,2007-05-05,
Mr. Invisible,Super-Villain,1,Urban,United States,2007-05-05,
Cat Lady,Super-Villain,1,Urban,United States,2007-05-05,
Agent 2,Disguised,1,Urban,United States,2007-05-05,
Abominable Snowman,Animal,1,Mountain,Tibet,2007-08-31,0
Dr. Phineus Phibes,Super-Villain,1,Urban,United States,2007-09-22,
Dr. Trebla,Super-Villain,1,Urban,United States,2007-09-22,
Agent 1,Disguised,1,Urban,United States,2007-09-22,
Agent 2,Disguised,1,Urban,United States,2007-09-22,
Agent 5,Disguised,1,Urban,United States,2007-09-22,
Agent 6,Disguised,1,Urban,United States,2007-09-22,
Agent 7,Disguised,1,Urban,United States,2007-09-22,
Agent 9,Disguised,1,Urban,United States,2007-09-22,
Mark,Super-Villain,1,Urban,United States,2007-09-22,
Ricky,Super-Villain,1,Urban,United States,2007-09-22,
Dr. Phineus Phibes,Super-Villain,1,Urban,United States,2007-09-29,
Agent 1,Disguised,1,Urban,United States,2007-09-29,
Agent 2,Disguised,1,Urban,United States,2007-09-29,
Agent 4,Disguised,1,Urban,United States,2007-09-29,
Mark,Super-Villain,1,Urban,United States,2007-09-29,
Ricky,Super-Villain,1,Urban,United States,2007-09-29,
Dr. Trebla,Super-Villain,1,Urban,United States,2007-09-29,
Menace,Super-Villain,1,Urban,United States,2007-09-29,
Dr. Phineus Phibes,Super-Villain,1,Urban,United States,2007-10-06,
Agent 1,Disguised,1,Urban,United States,2007-10-06,
Agent 2,Disguised,1,Urban,United States,2007-10-06,
Agent 3,Disguised,1,Urban,United States,2007-10-06,
Agent 4,Disguised,1,Urban,United States,2007-10-06,
Agent 5,Disguised,1,Urban,United States,2007-10-06,
Agent 6,Disguised,1,Urban,United States,2007-10-06,
Agent 8,Disguised,1,Urban,United States,2007-10-06,
Agent 9,Disguised,1,Urban,United States,2007-10-06,
Dr Trebla,Super-Villain,1,Urban,United States,2007-10-06,
Dr. Phineus Phibes,Super-Villain,1,Island,United States,2007-10-13,
Agent 1,Disguised,1,Island,United States,2007-10-13,
Agent 2,Disguised,1,Island,United States,2007-10-13,
Agent 3,Disguised,1,Island,United States,2007-10-13,
Agent 4,Disguised,1,Island,United States,2007-10-13,
Agent 5,Disguised,1,Island,United States,2007-10-13,
Agent 7,Disguised,1,Island,United States,2007-10-13,
Agent 8,Disguised,1,Island,United States,2007-10-13,
Agent 9,Disguised,1,Island,United States,2007-10-13,
Agent 11,Disguised,1,Island,United States,2007-10-13,
Agent 12,Disguised,1,Island,United States,2007-10-13,
Agent 13,Disguised,1,Island,United States,2007-10-13,
Dr Trebla,Super-Villain,1,Island,United States,2007-10-13,
Dr. Phineus Phibes,Super-Villain,1,Urban,United States,2007-11-03,
Clown Phibes,Super-Villain,1,Urban,United States,2007-11-03,
Evil Phibes,Super-Villain,1,Urban,United States,2007-11-03,
Peekaboo Phibes,Super-Villain,1,Urban,United States,2007-11-03,
Klepto Phibes,Super-Villain,1,Urban,United States,2007-11-03,
Kung Fu Phibes,Super-Villain,1,Urban,United States,2007-11-03,
Pirate Phibes,Super-Villain,1,Urban,United States,2007-11-03,
Pantsing Phibes,Super-Villain,1,Urban,United States,2007-11-03,
Mark,Super-Villain,1,Urban,United States,2007-11-03,
Ricky,Super-Villain,1,Urban,United States,2007-11-03,
Dr. Trebla,Super-Villain,1,Urban,United States,2007-11-03,
Dr. Phineus Phibes,Super-Villain,1,Ocean,Mexico,2007-11-10,
Agent 1,Disguised,1,Ocean,Mexico,2007-11-10,
Agent 2,Disguised,1,Ocean,Mexico,2007-11-10,
Dr. Trebla,Super-Villain,1,Ocean,Mexico,2007-11-10,
Dr. Phineus Phibes,Super-Villain,1,Urban,United States,2007-12-01,
Evil Phibes,Super-Villain,1,Urban,United States,2007-12-01,
Agent 1,Disguised,1,Urban,United States,2007-12-01,
Agent 2,Disguised,1,Urban,United States,2007-12-01,
Agent 3,Disguised,1,Urban,United States,2007-12-01,
Agent 4,Disguised,1,Urban,United States,2007-12-01,
Agent 13,Disguised,1,Urban,United States,2007-12-01,
Dr. Trebla,Super-Villain,1,Urban,United States,2007-12-01,
Dr. Phineus Phibes,Super-Villain,1,Urban,United States,2008-01-26,
Agent 1,Disguised,1,Urban,United States,2008-01-26,
Agent 2,Disguised,1,Urban,United States,2008-01-26,
Mark,Super-Villain,1,Urban,United States,2008-01-26,
Ricky,Super-Villain,1,Urban,United States,2008-01-26,
Dr. Trebla,Super-Villain,1,Urban,United States,2008-01-26,
Rusty,Animal,1,Urban,United States,2008-01-26,
Bacon,Animal,1,Urban,United States,2008-01-26,
Mummy,Undead,1,Urban,United States,2008-01-26,
Frankenstein,Undead,1,Urban,United States,2008-01-26,
Dracula,Undead,1,Urban,United States,2008-01-26,
Swamp Monster,Animal,1,Urban,United States,2008-01-26,
Dr. Phineus Phibes,Super-Villain,1,Urban,United States,2008-02-02,
Agent 1,Disguised,1,Urban,United States,2008-02-02,
Agent 2,Disguised,1,Urban,United States,2008-02-02,
Agent 3,Disguised,1,Urban,United States,2008-02-02,
Agent 4,Disguised,1,Urban,United States,2008-02-02,
Agent 7,Disguised,1,Urban,United States,2008-02-02,
Agent 8,Disguised,1,Urban,United States,2008-02-02,
Agent 9,Disguised,1,Urban,United States,2008-02-02,
Agent 11,Disguised,1,Urban,United States,2008-02-02,
Agent 13,Disguised,1,Urban,United States,2008-02-02,
Mark,Super-Villain,1,Urban,United States,2008-02-02,
Ricky,Super-Villain,1,Urban,United States,2008-02-02,
Dr. Trebla,Super-Villain,1,Urban,United States,2008-02-02,
Dr. Phineus Phibes,Super-Villain,1,Urban,United States,2008-02-16,
Agent 1,Disguised,1,Urban,United States,2008-02-16,
Agent 2,Disguised,1,Urban,United States,2008-02-16,
Agent 3,Disguised,1,Urban,United States,2008-02-16,
Agent 4,Disguised,1,Urban,United States,2008-02-16,
Agent 8,Disguised,1,Urban,United States,2008-02-16,
Agent 9,Disguised,1,Urban,United States,2008-02-16,
Agent 11,Disguised,1,Urban,United States,2008-02-16,
Dr. Trebla,Super-Villain,1,Urban,United States,2008-02-16,
Dr. Phineus Phibes,Super-Villain,1,Desert,Texas,2008-02-23,
Agent 1,Disguised,1,Desert,Texas,2008-02-23,
Agent 2,Disguised,1,Desert,Texas,2008-02-23,
Agent 4,Disguised,1,Desert,Texas,2008-02-23,
Mark,Super-Villain,1,Desert,Texas,2008-02-23,
Ricky,Super-Villain,1,Desert,Texas,2008-02-23,
Dr. Trebla,Super-Villain,1,Desert,Texas,2008-02-23,
Menace,Animal,1,Desert,Texas,2008-02-23,
Super Bulls,Animal,1,Desert,Texas,2008-02-23,
Zoinks,Mechanical,1,Urban,United States,2008-03-08,
Dr. Phineus Phibes,Super-Villain,1,Urban,United States,2008-03-08,
Agent 1,Disguised,1,Urban,United States,2008-03-08,
Agent 2,Disguised,1,Urban,United States,2008-03-08,
Mark,Super-Villain,1,Urban,United States,2008-03-08,
Ricky,Super-Villain,1,Urban,United States,2008-03-08,
Dr. Trebla,Super-Villain,1,Urban,United States,2008-03-08,
Groovy Don,Mechanical,1,Urban,United States,2008-03-08,
Dr. Phineus Phibes,Super-Villain,1,Urban,United States,2008-03-15,
Agent 1,Disguised,1,Urban,United States,2008-03-15,
Agent 2,Disguised,1,Urban,United States,2008-03-15,
Agent 4,Disguised,1,Urban,United States,2008-03-15,
Agent 5,Disguised,1,Urban,United States,2008-03-15,
Agent 13,Disguised,1,Urban,United States,2008-03-15,
Agent 21,Disguised,1,Urban,United States,2008-03-15,
Agent 44,Disguised,1,Urban,United States,2008-03-15,
Agent 89,Disguised,1,Urban,United States,2008-03-15,
Mark,Super-Villain,1,Urban,United States,2008-03-15,
Ricky,Super-Villain,1,Urban,United States,2008-03-15,
Dr. Trebla,Super-Villain,1,Urban,United States,2008-03-15,
Amazing Krudsky,Mythical,1,Urban,United States,2008-10-08,5
Glob,Mythical,1,Urban,United States,2008-10-08,5
Glum,Mythical,1,Urban,United States,2008-10-08,5
Headless Horseman,Undead,1,Urban,United States,2008-10-08,5
Goblin King,Mythical,1,Urban,United States,2008-10-08,5
Goblins,Mythical,1,Urban,United States,2008-10-08,5
Black Samurai,Ghost,1,Urban,Japan,2009-04-07,5
Ninjas,Disguised,1,Urban,Japan,2009-04-07,5
Specter,Disguised,1,Urban,Ohio,2009-09-13,5
Ezekial Gallows,Undead,1,Urban,Ohio,2009-09-13,5
Prudence Prufrock,Undead,1,Urban,Ohio,2009-09-13,5
Gryphon,Mythical,1,Forest,United States,2010-02-16,0
Banshee,Mythical,1,Forest,United States,2010-02-16,0
Slime Mutant,Possessed Object,1,Urban,California,2010-04-05,4
Creeping Creatures,Animal,1,Swamp,California,2010-07-19,0
Creeping Creatures,Animal,1,Swamp,California,2010-07-19,0
Creeping Creatures,Animal,1,Swamp,California,2010-07-19,0
Ghost Truck,Possessed Object,1,Urban,California,2010-07-26,0
Man-Crab,Animal,1,Coast,California,2010-08-02,1
Que Horrifico,Ancient,1,Urban,California,2010-08-09,0
Spookified Kids,Possessed Object,1,Urban,California,2010-08-09,0
Ghost Girl,Ghost,1,Urban,California,2010-08-16,0
Phantom,Ghost,1,Urban,California,2010-08-23,1
Gnome,Mythical,1,Forest,California,2010-08-30,1
Green Humungonaut,Animal,1,Urban,California,2010-09-07,0
Red Humungonaut,Animal,1,Urban,California,2010-09-07,0
Woodsman,Undead,1,Forest,United States,2010-09-14,3
Fishman,Animal,1,Forest,United States,2010-09-14,3
Specter of Shadow Canyon,Undead,1,Forest,United States,2010-09-14,3
Fright Hound,Mechanical,1,Urban,California,2010-10-04,1
Vampire,Undead,1,Urban,California,2010-10-11,0
Char Gar Gothakon,Extraterrestrial,1,Urban,California,2010-10-18,0
Cicada Creature,Animal,1,Urban,California,2010-10-25,1
Wanda Grubwort,Magician,1,Urban,Ohio,2011-03-01,3
Lake Monsters,Animal,1,Urban,Ohio,2011-03-01,3
Lord Infernicus,Undead,1,Urban,California,2011-05-03,4
Shadowy Orc,Mythical,1,Urban,California,2011-05-10,2
Aphrodite,Mythical,1,Urban,California,2011-05-17,4
Danny Darrow,Ancient,1,Urban,California,2011-05-24,5
White Wizard,Magician,1,Urban,California,2011-05-31,0
Nightfright,Mythical,1,Urban,California,2011-06-07,0
Fish Freaks,Animal,1,Urban,California,2011-06-14,5
Fish Freaks,Animal,1,Urban,California,2011-06-14,5
Fish Freaks,Animal,1,Urban,California,2011-06-14,5
Fish Freaks,Animal,1,Urban,California,2011-06-14,5
Manticore,Mythical,1,Urban,California,2011-06-21,0
Headless Horror,Ancient,1,Urban,California,2011-06-28,0
Shadowy Figure,Ghost,1,Urban,California,2011-07-05,0
Ghost of Dead Justice,Ghost,1,Urban,California,2011-07-12,0
Obliteratrix,Undead,1,Urban,California,2011-07-19,3
Freak of Crystal Cove,Ancient,1,Urban,California,2011-07-26,0
Phantosaurs,Ghost,1,Desert,United States,2011-09-06,0
Velociraptor,Ancient,1,Desert,United States,2011-09-06,0
Lord Valdronya,Undead,1,Swamp,Louisiana,2012-03-13,1
Fortius,Possessed Object,1,Urban,England,2012-07-17,0
Crybaby Clown,Disguised,1,Urban,California,2012-07-30,0
Baba Yaga House,Possessed Object,1,Forest,California,2012-07-31,0
Baba Yaga,Magician,1,Forest,California,2012-07-31,0
Crybaby Clown,Disguised,1,Urban,California,2012-08-01,1
Dreamweaver,Magician,1,Urban,California,2012-08-02,0
Hodag of Horror,Animal,1,Urban,California,2012-08-03,0
Junk,Mechanical,1,Urban,California,2012-08-06,0
Graveyard Ghoul,Undead,1,Rural,California,2012-08-07,0
Dark Lilith,Mythical,1,Desert,California,2012-08-08,0
Hebediah Grim,Undead,1,Forest,California,2012-08-09,0
Fiend,Mythical,1,Mountain,United States,2012-08-10,0
Kriegstaffebot,Mechanical,1,Ocean,California,2012-08-13,0
Ghost of Abigail Gluck,Ghost,1,Ocean,California,2012-08-13,0
Scarebear,Animal,1,Forest,California,2012-08-14,0
Krampus,Mythical,1,Urban,California,2012-08-15,0
Dragon,Mechanical,1,Island,United States,2012-08-16,1
Mummy of Friar Serra,Undead,1,Urban,United States,2012-08-17,0
Werewolf,Animal,1,Rural,New Jersey,2012-10-09,0
Werewolf,Animal,1,Rural,New Jersey,2012-10-09,0
Werewolf,Animal,1,Rural,New Jersey,2012-10-09,0
Werewolf,Animal,1,Rural,New Jersey,2012-10-09,0
Sinister Snowman,Possessed Object,1,Urban,United States,2012-10-16,3
Mr. Hyde,Super-Villain,1,Urban,California,2013-02-26,0
Grey Alien,Extraterrestrial,1,Urban,California,2013-03-25,0
Reptiod,Animal,1,Urban,California,2013-03-25,0
Nordic Alien,Extraterrestrial,1,Urban,California,2013-03-25,0
Skull Cattles,Undead,1,Rural,California,2013-03-25,0
Skull Cattle Queen,Undead,1,Rural,California,2013-03-25,0
Rude Boy and the Ska-Tastics,Undead,1,Urban,California,2013-03-26,3
Rude Boy and the Ska-Tastics,Undead,1,Urban,California,2013-03-26,3
Rude Boy and the Ska-Tastics,Undead,1,Urban,California,2013-03-26,3
Rude Boy and the Ska-Tastics,Undead,1,Urban,California,2013-03-26,3
Gluton Demon,Mythical,1,Urban,California,2013-03-27,0
Dandy Highwayman,Disguised,1,Urban,California,2013-03-28,1
Evil Fred,Disguised,1,Urban,California,2013-03-29,1
Evil Daphnie,Disguised,1,Urban,California,2013-03-29,1
Monstrous Freak,Animal,1,Rural,California,2013-04-02,0
Priestess,Magician,1,Jungle,Mexico,2013-04-03,0
Kriegstaffebot,Mechanical,1,Cave,California,2013-04-04,0
Evil Entity,Mythical,1,Cave,California,2013-04-05,0
Evil Entity,Mythical,1,Urban,California,2013-04-05,1
Minions,Ancient,1,Urban,California,2013-04-05,1
Ye Phantom Parrot,Animal,1,Island,United States,2013-07-23,2
Ghost of Gnarlybeard,Undead,1,Island,United States,2013-07-23,2
Phantom,Ghost,1,Urban,Illinois,2013-08-20,0
Cornfield Clem,Possessed Object,1,Rural,United States,2013-09-10,0
Mecha Mutt,Mechanical,1,Urban,United States,2013-09-24,0
Ghost Bear,Ghost,1,Forest,United States,2014-03-25,0
Eshu,Animal,1,Urban,Brazil,2014-05-13,0
Ghost of the Baron,Ghost,1,Rural,Pennsylvania,2014-08-19,5
Frankencreep,Undead,1,Rural,Pennsylvania,2014-08-19,5
Alien,Extraterrestrial,1,Urban,Moon,2015-02-17,0
Sea Monster,Possessed Object,1,Coast,Florida,2015-05-05,0
Witch,Magician,1,Urban,United States,2015-07-21,0
KISS Monsters,Possessed Object,1,Urban,United States,2015-07-21,0
Harpies,Mythical,1,Urban,United States,2015-07-21,0
The Destroyer,Mythical,1,Urban,United States,2015-07-21,0
Ghost of Elias Kingston,Ghost,1,Urban,United States,2015-10-05,0
Spirit of the Zatari Warrior,Ancient,1,Cave,United States,2015-10-06,0
Sea Creature,Animal,1,Ocean,United States,2015-10-07,0
Sea Creature,Animal,1,Ocean,United States,2015-10-07,0
Gargoyle,Possessed Object,1,Urban,United States,2015-10-08,0
Ghost of Chip Braverton,Ghost,1,Urban,United States,2015-10-09,0
Sobek,Mythical,1,Urban,United States,2015-10-12,0
Crystal Crawler,Animal,1,Cave,United States,2015-10-15,0
Headless Count,Undead,1,Rural,United States,2015-10-19,2
Ghost of the Prima Donna,Ghost,1,Urban,United States,2015-10-20,0
Yeti,Animal,1,Urban,United States,2015-10-21,0
Butler 3000,Mechanical,1,Urban,United States,2015-10-22,0
Alien,Extraterrestrial,1,Desert,Nevada,2015-10-23,0
Phantom,Ghost,1,Rural,United States,2015-10-28,0
Black Knight,Possessed Object,1,Rural,United States,2015-11-25,0
Pterodactyl,Ancient,1,Urban,United States,2015-12-05,2
Ghost of Stealin' Stan,Ghost,1,Island,United States,2015-12-10,0
Gremlin,Mythical,1,Air,United States,2016-02-13,0
Sorcerer,Magician,1,Urban,United States,2016-02-20,0
Swamp Monster,Plant,1,Swamp,Louisiana,2016-02-27,0
Snow Monster,Possessed Object,1,Snow,United States,2016-03-05,0
Headless Horseman,Undead,1,Urban,California,2016-03-10,0
Mummy,Undead,1,Urban,California,2016-03-10,0
Zombie,Undead,1,Urban,California,2016-03-10,0
Giant,Mythical,1,Forest,Ireland,2016-03-12,0
Scarecrow,Possessed Object,1,Rural,United States,2016-03-23,0
Scarecrow,Possessed Object,1,Rural,United States,2016-03-23,0
Inferno,Undead,1,Island,United States,2016-08-09,0
Ghost of Dapper Jack Rogers,Ghost,1,Desert,Texas,2017-02-14,0
Ghost of the Cliff Bride,Undead,1,Rural,United States,2017-06-20,0
Spirit of El Bandito,Undead,1,Rural,Mexico,2017-06-20,5
Madcap the Killer Clown,Disguised,1,Urban,United States,2017-06-20,0
Viking Ghosts,Ghost,1,Forest,United States,2017-06-20,5
Viking Ghosts,Ghost,1,Forest,United States,2017-06-20,5
Viking Ghosts,Ghost,1,Forest,United States,2017-06-20,5
Toxic Mutant,Undead,1,Urban,United States,2017-06-20,0
Ghost Pirate,Ghost,1,Coast,United States,2017-07-25,5
Ghost Pirate,Ghost,1,Coast,United States,2017-07-25,5
Dorsal Foot,Animal,1,Coast,United States,2017-11-14,0
Werewolf,Animal,1,Forest,United States,2017-11-15,0
Jester Monster,Disguised,1,Forest,United States,2017-11-15,5
Vampire,Undead,1,Rural,United States,2017-12-21,0
Houndbeast,Animal,1,Urban,New York,2017-11-17,0
Grim Reaper,Undead,1,Rural,United States,2017-11-18,0
Mummy,Undead,1,Rural,United States,2017-11-18,0
Tengu,Mythical,1,Rural,United States,2017-11-18,0
Tarasque,Mythical,1,Rural,United States,2017-11-18,0
Tzitzimitl,Magician,1,Rural,United States,2017-11-18,0
Manticore,Mythical,1,Rural,United States,2017-11-18,0
Haniver,Mythical,1,Rural,United States,2017-11-18,0
Hemogoblin,Mythical,1,Rural,United States,2017-11-18,0
Baba Yaga,Magician,1,Urban,United States,2017-09-28,0
Baba Yaga House,Possessed Object,1,Urban,United States,2017-09-28,0
Kaniaku,Animal,1,Urban,Japan,2017-11-19,5
Ghost of Amos Littlefield,Ghost,1,Urban,United States,2017-11-19,0
Ghost of Jacob Marley,Ghost,1,Urban,England,2017-11-30,0
Ghost of Christmas Past,Ghost,1,Urban,England,2017-11-30,0
Ghost of Christmas Present,Ghost,1,Urban,England,2017-11-30,0
Ghost of Christmas Future,Ghost,1,Urban,England,2017-11-30,0
Space Kook,Extraterrestrial,1,Space,Space,2017-11-20,1
Ghost of Mother,Undead,1,Snow,United States,2017-11-21,0
Ghost of Archie Barnes,Ghost,1,Rural,California,2017-11-22,0
Mutant Rabbit,Animal,1,Urban,United States,2017-11-22,0
Arachne,Mythical,1,Rural,Greece,2017-11-23,3
Crimson Cloak,Ghost,1,Urban,United States,2018-01-09,0
Plant Monster,Plant,1,Urban,United States,2018-03-08,0
Minus,Disguised,1,Urban,United States,2018-03-09,0
The Mystery Machine,Possessed Object,1,Desert,United States,2018-03-10,0
Ice Man,Ancient,1,Snow,United States,2018-03-11,5
Ape Man,Animal,1,Urban,Florida,2018-03-12,0
Trash Monster,Mechanical,1,Rural,United States,2018-03-13,0
Ghost Chef,Ghost,1,Urban,California,2018-03-14,0
Demon of Salem,Mythical,1,Rural,Massachusetts,2018-03-15,5
Professor Huh?,Disguised,1,Urban,United States,2018-03-16,0
Professor Huh?,Disguised,1,Urban,United States,2018-03-17,0
Pizza O'Possum,Mechanical,1,Urban,United States,2018-03-18,0
Half-Beard's Ghost,Ghost,1,Cave,United States,2018-03-18,0
Phantasm,Undead,1,Rural,United States,2018-03-29,0
Ghost Kid,Undead,1,Rural,United States,2018-03-29,0
Red Ghost,Ghost,1,Rural,Rhode Island,2018-09-11,0
Living Tree,Plant,1,Rural,United States,2018-10-01,
Asmodeus,Mythical,1,Mountain,Tibet,2019-02-05,0
Swamp Monster,Animal,1,Swamp,Florida,2019-06-27,0
Civil War Zombie Ghosts,Ghost,1,Rural,Pennsylvania,2019-07-02,0
Fish Monster,Animal,1,Urban,United States,2019-07-11,0
Screaming Skulls of London,Ghost,1,Urban,England,2019-07-18,5
Zombies,Undead,1,Swamp,Louisiana,2019-07-21,0
Werecat Simone Lenoir,Animal,1,Swamp,Louisiana,2019-07-21,0
Werecat Lena Dupree,Animal,1,Swamp,Louisiana,2019-07-21,0
Werecat Jacques,Animal,1,Swamp,Louisiana,2019-07-21,0
Werecat,Animal,1,Swamp,Louisiana,2019-07-21,0
Cat Mummy,Undead,1,Urban,England,2019-07-25,0
Minotaur,Mythical,1,Rural,Greece,2019-08-01,0
Ghost of Madds Markson,Undead,1,Urban,Nevada,2019-08-08,0
Madds Markson Monster,Animal,1,Urban,Nevada,2019-08-08,0
Technomancer,Magician,1,Urban,Illinois,2019-08-15,0
Spectral Speedster,Ghost,1,Rural,United States,2019-08-22,0
Dinosaur,Animal,1,Forest,United States,2019-08-29,0
Dinosaur,Animal,1,Forest,United States,2019-08-29,0
Sia Doppelganger,Disguised,1,Urban,California,2019-09-05,0
Pazzo the Ghost Clown,Ghost,1,Urban,Georgia,2019-09-12,1
Man-Bat,Animal,1,Urban,United States,2019-09-19,5
Control Freak,Super-Villain,1,Urban,United States,2019-10-04,0
Rotten Robots,Mechanical,1,Urban,California,2020-05-15,4
Dick Dastardly,Super-Villain,1,Urban,California,2020-05-15,4
Muttley,Animal,1,Urban,California,2020-05-15,4
Cerberus,Mythical,1,Urban,California,2020-05-15,4
Nightmare Ghost,Ghost,1,Snow,Pennsylvania,2020-07-02,3
Fox Monster,Animal,1,Rural,Japan,2020-07-02,5
Miner Forty-Niner,Ancient,1,Rural,United States,2020-07-02,3
Ghost of Captain Cutler,Ghost,1,Rural,United States,2020-07-02,3
Spooky Space Kook,Extraterrestrial,1,Rural,United States,2020-07-02,3
Snow Ghost,Animal,1,Rural,United States,2020-07-02,3
Clown,Disguised,1,Rural,United States,2020-07-02,3
Ghost of Redbeard,Ghost,1,Rural,United States,2020-07-02,3
Back Knight,Possessed Object,1,Rural,United States,2020-07-02,3
Witch,Magician,1,Rural,United States,2020-07-02,3
Witch Doctor,Magician,1,Rural,United States,2020-07-02,3
Phantom,Ghost,1,Rural,United States,2020-07-02,3
Creeper,Undead,1,Rural,United States,2020-07-02,3
Giant Teddy Bear,Possessed Object,1,Rural,United States,2020-07-02,3
Ghost of the Doom Bringer,Possessed Object,1,Urban,California,2020-07-02,0
Gator Man Monster,Animal,1,Urban,New York,2020-07-02,0
Fire Monster of Mount Etna,Animal,1,Urban,Italy,2020-07-02,0
Crazy Carl,Possessed Object,1,Rural,United States,2020-07-02,0
Ghost of Madame Zobrinsky,Ghost,1,Urban,Pennsylvania,2020-07-02,0
Wedding Witch of Wainsly Hall,Magician,1,Swamp,United States,2020-07-02,0
Chronobeast,Animal,1,Desert,United States,2020-07-02,0
Robo Dooby Doo,Mechanical,1,Desert,United States,2020-07-02,0
Ghost of Ester Moonkiller,Ghost,1,Urban,Ohio,2020-07-02,0
Werewolf,Animal,1,Urban,United States,2020-07-02,0
Tardigrade Monster,Animal,1,Space,Space,2020-07-02,0
Ghost of Tallis Taggert,Ghost,1,Urban,Tennessee,2020-10-01,0
Ghost of Jean Lebeau,Ghost,1,Rural,United States,2020-10-01,0
Phineas Phrag Monster,Animal,1,Rural,United States,2020-10-01,0
Gnarled One,Plant,1,Urban,Illinois,2020-10-01,0
Gargoyle,Possessed Object,1,Urban,France,2020-10-01,0
Frankenfooder Monster,Possessed Object,1,Forest,Germany,2020-10-01,0
Elevator Operator Ghost,Ghost,1,Urban,United States,2020-10-01,0
Snow Devil,Animal,1,Snow,Austria,2020-10-01,0
Caveman,Ancient,1,Mountain,Colorado,2020-10-01,0
Robot,Mechanical,1,Urban,Kentucky,2020-10-01,0
Ghost of Charles M. Thraber,Ghost,1,Rural,United States,2020-10-01,0
Zombie Mascot,Undead,1,Urban,Washington,2020-10-01,0
Hyde Monster,Disguised,1,Urban,California,2020-10-01,0
Mummy,Undead,1,Urban,California,2020-10-01,0
Dinosaur,Animal,1,Urban,California,2020-10-01,0
Giant Manta Ray,Animal,1,Urban,California,2020-10-01,0
Alpha Jackal-Lantern,Plant,1,Rural,California,2020-10-06,0
Jackal-Lanterns,Plant,1,Rural,California,2020-10-06,0
Morgan le Fay,Magician,1,Rural,England,2020-02-23,1
Black Knight,Possessed Object,1,Rural,England,2020-02-23,1
Mud Men,Possessed Object,1,Desert,United States,2021-02-25,3
Mud Men,Possessed Object,1,Desert,United States,2021-02-25,3
Mud Men,Possessed Object,1,Desert,United States,2021-02-25,3
Max Kilobyte,Mechanical,1,Urban,California,2020-11-13,0
